 [ {
        "name": "Amar & Vaneja",
        "surname": "Nettem",
        "email": "anettem9@gmail.com",
        "number": 2
    },
    {
        "name": "Amrish & Sweta",
        "surname": "Naik",
        "email": "amrishgnaik@gmail.com",
        "number": 3
    },
    {
        "name": "Ashish & Mita",
        "surname": "Daya",
        "email": "meetadayama@gmail.com",
        "number": 4
    },
    {
        "name": "Atul Vimla",
        "surname": "Mamtora",
        "email": "mamtora@gmail.com",
        "number": 2
    },
    {
        "name": "Balvantbhai Pramodaben" ,
        "surname": "Bhatt",
        "email": "none",
        "number": 2
    },
    {
        "name": "Bharat Rita" ,
        "surname": "Gandhi",
        "email": "vegepto_19@hotmail.com",
        "number": 5
    },
    {
        "name": "Bharat Swati ",
        "surname": "Patel",
        "email": "sbpatel98@yahoo.com",
        "number": 4
    },
    {
        "name": "Bhautik Archana ",
        "surname": "Shah",
        "email": "bhautik27@yahoo.com",
        "number": 2
    },
    {
        "name": "Bhavna Shah",
        "surname": "Shah",
        "email": "shahb05@gmail.com",
        "number": 1
    },
    {
        "name": "Bhavna Shah",
        "surname": "Shah",
        "email": "bhavna.shah104@gmail.com",
        "number": 2
    },
    {
        "name": "Binta Sarad ",
        "surname": "Shah",
        "email": "shah1218@yahoo.com",
        "number": 2
    },
    {
        "name": "Chaudhari Usha ",
        "surname": "Kota",
        "email": "ukotha@hotmail.com",
        "number": 2
    },
    {
        "name": "Damuben Dalal & Family",
        "surname": "Dalal",
        "email": "none",
        "number": 2
    },
    {
        "name": "Darshan P Shah",
        "surname": "Shah",
        "email": "shahdps@yahoo.co.in",
        "number": 2
    },
    {
        "name": "Deval & Rupal Patel",
        "surname": "Patel",
        "email": "rupal.d.patel82@gmail.com",
        "number": 2
    },
    {
        "name": "Dilipbhai & Sunitaben Shah",
        "surname": "Shah",
        "email": "in person",
        "number": 2
    },
    {
        "name": "Dinesh Sheth",
        "surname": "Sheth",
        "email": "none",
        "number": 0
    },
    {
        "name": "Dipti & Dipesh Patel",
        "surname": "Patel",
        "email": "none",
        "number": 4
    },
    {
        "name": "Gargi Shroff",
        "surname": "Shroff",
        "email": "none",
        "number": 3
    }
] 